time,latitude,longitude,depth,mag,magType,Magnitude,gap,dmin,rms,net
2021-10-21T08:36:47.362Z,32.1004,138.2208,335.52,5.5,mww,5.5,30,1.682,0.87,us
2021-10-19T22:10:47.878Z,41.5049,143.0525,36.35,4.5,mb,5.3665,120,0.515,1.12,us
2021-10-19T15:18:19.509Z,41.6475,142.7875,51.73,4.5,mb,5.3665,63,0.459,0.78,us
2021-10-19T12:44:47.900Z,41.4511,142.9168,41.17,4.3,mb,5.27706,134,0.591,0.51,us
2021-10-19T12:36:39.360Z,41.5451,142.8623,44.38,5.1,mww,5.1,97,0.518,0.76,us
2021-10-18T02:01:23.240Z,38.2759,141.5402,71.21,4.6,mb,5.41464,130,2.537,0.8,us
2021-10-17T15:49:31.360Z,40.9682,142.1452,67.87,4.8,mb,5.51776,110,0.838,0.41,us
2021-10-17T02:32:06.430Z,29.4073,130.7267,20.69,5.1,mb,5.68954,126,2.108,0.78,us
2021-10-13T17:00:49.084Z,32.4545,133.1539,12.63,4.6,mb,5.41464,98,1.41,0.88,us
2021-10-13T04:58:35.007Z,30.6667,138.6685,386.29,4.1,mb,5.19674,136,2.628,0.67,us
2021-10-12T11:30:36.759Z,39.564,142.5149,35,4.1,mb,5.19674,178,1.653,0.33,us
2021-10-12T03:19:00.492Z,30.0983,142.8481,10,5.2,mb,5.75136,47,3.968,0.85,us
2021-10-10T14:16:15.940Z,42.3455,143.0753,61.69,4.9,mb,5.57274,111,0.335,0.49,us
2021-10-09T05:31:59.595Z,40.0765,142.2057,52.66,5,mb,5.63,72,1.125,0.72,us
2021-10-09T02:47:34.421Z,42.4005,141.9753,92.66,4.6,mb,5.41464,75,0.958,0.57,us
2021-10-09T02:16:19.389Z,35.5564,140.1705,73.39,4.3,mb,5.27706,214,1.869,0.48,us
2021-10-08T01:25:08.514Z,29.6733,142.2134,10,4.4,mb,5.32064,166,3.997,0.74,us
2021-10-07T20:11:50.299Z,35.5528,140.1119,69.52,4.4,mb,5.32064,148,1.806,0.92,us
2021-10-07T16:44:22.445Z,31.8288,137.9307,377.87,4.1,mb,5.19674,134,2.044,0.37,us
2021-10-07T13:41:24.549Z,35.5771,140.0698,62,5.9,mww,5.9,29,1.788,1.12,us
2021-10-06T08:12:55.045Z,31.2593,131.471,35,5.9,mww,5.9,38,0.905,1.36,us
2021-10-05T22:33:41.000Z,40.1318,142.1822,56.89,4.4,mb,5.32064,185,1.076,0.57,us
2021-10-05T17:46:02.054Z,40.076,142.2531,44.77,5.7,mww,5.7,15,1.153,0.86,us
2021-10-05T14:22:01.845Z,40.3277,143.9091,10,4.4,mb,5.32064,137,1.778,0.85,us
2021-10-05T09:32:50.905Z,39.2062,144.297,10,4.1,mb,5.19674,132,2.936,0.38,us
2021-10-04T21:06:32.940Z,38.1597,142.0234,45.5,4.5,mb,5.3665,116,2.729,1.16,us
2021-10-03T08:49:38.554Z,34.3564,141.6277,10,4.6,mb,5.41464,134,1.953,0.48,us
2021-10-03T02:10:58.810Z,37.4618,137.1153,10,4.4,mb,5.32064,89,1.263,0.86,us
2021-10-02T16:17:15.977Z,29.3928,142.6016,10,4.4,mb,5.32064,112,2.318,1.03,us
2021-10-01T07:14:30.711Z,42.362,144.5444,71.32,4.1,mb,5.19674,170,1.087,0.84,us
2021-09-30T20:26:45.741Z,29.7505,142.0194,10,4.2,mb,5.23576,281,7.036,0.42,us
2021-09-30T08:45:31.183Z,38.5137,141.9969,67.62,4.6,mb,5.41464,126,2.384,0.57,us
2021-09-30T07:43:35.827Z,31.8713,141.3069,29.42,4.2,mb,5.23576,170,15.682,0.47,us
2021-09-30T03:52:24.728Z,41.0094,142.1415,53.04,4.4,mb,5.32064,133,0.845,0.7,us
2021-09-29T08:37:05.613Z,38.8937,135.4444,364,6.1,mww,6.1,13,3.206,0.82,us
2021-09-29T03:26:42.682Z,36.4576,140.6943,57.6,4.5,mb,5.3665,128,2.008,0.31,us
2021-09-27T15:30:39.142Z,38.1263,141.9171,57.48,4.3,mb,5.27706,143,2.74,0.55,us
2021-09-27T11:26:38.445Z,36.7082,141.1596,51.68,4.6,mwr,4.6,120,2.379,0.48,us
2021-09-27T10:58:49.791Z,38.5989,142.0474,59.21,4.6,mb,5.41464,142,2.315,1.03,us
2021-09-26T21:57:26.770Z,29.6271,139.1557,424.15,4.5,mb,5.3665,104,3.522,0.49,us
2021-09-25T21:46:37.948Z,30.6821,131.2671,38.37,4.5,mb,5.3665,126,3.759,0.73,us
2021-09-25T17:01:43.188Z,29.0401,141.7576,34.98,4.6,mb,5.41464,97,1.973,0.79,us
2021-09-24T16:40:15.295Z,29.7072,138.8884,414.21,4.3,mb,5.27706,61,3.488,0.93,us
2021-09-24T04:44:15.824Z,38.1509,141.8037,62.51,4.5,mb,5.3665,162,2.696,0.51,us
2021-09-21T10:19:56.265Z,29.6532,142.3847,10,5.2,mww,5.2,64,2.554,0.46,us
2021-09-19T16:11:51.710Z,37.5858,142.1042,35,4.4,mb,5.32064,98,3.285,0.5,us
2021-09-19T10:04:17.724Z,36.276,137.6419,6.46,4.2,mb,5.23576,91,0.527,0.51,us
2021-09-19T08:18:32.645Z,36.2633,137.7364,10,5.1,mww,5.1,119,0.47,0.68,us
2021-09-18T23:07:51.007Z,36.4505,140.493,72.26,4.4,mb,5.32064,145,1.842,0.69,us
2021-09-18T20:42:37.583Z,34.2715,141.1012,10,4.6,mb,5.41464,183,1.575,0.61,us
2021-09-17T20:21:07.813Z,38.1671,141.7744,45.53,4.4,mb,5.32064,136,2.675,1.2,us
2021-09-17T03:16:11.342Z,37.7637,141.6016,47.97,4.5,mb,5.3665,121,2.972,0.83,us
2021-09-16T09:42:29.519Z,37.457,137.2513,10,4.9,mwr,4.9,52,1.186,0.85,us
2021-09-16T04:08:29.148Z,38.5782,142.355,35,4.6,mb,5.41464,142,2.422,0.8,us
2021-09-15T13:47:33.527Z,30.4392,140.19,10,4.7,mb,5.46506,94,2.687,0.51,us
2021-09-15T02:09:43.385Z,35.0744,140.7817,81.76,4.4,mb,5.32064,137,2.112,0.54,us
2021-09-13T22:46:06.357Z,32.4784,137.8572,370,5.8,mww,5.8,18,1.743,0.9,us
2021-09-13T04:59:47.301Z,39.3386,142.5974,49.34,4.9,mb,5.57274,141,1.866,0.75,us
2021-09-12T21:31:08.050Z,34.8195,139.9499,57.26,4.2,mb,5.23576,130,0.571,0.68,us
2021-09-12T16:36:10.229Z,37.8372,141.9857,42.47,4.4,mb,5.32064,129,3.033,0.64,us
2021-09-12T05:32:02.802Z,29.8833,139.0553,431.72,4.7,mb,5.46506,75,3.286,0.55,us
2021-09-12T02:17:04.596Z,33.0546,132.0425,49.05,4.5,mb,5.3665,84,1.676,1.01,us
2021-09-11T11:00:10.606Z,38.7574,144.2236,10,4.4,mb,5.32064,131,3.169,0.74,us
2021-09-11T02:12:02.449Z,41.1445,143.1013,38.37,4.2,mb,5.23576,151,0.87,0.89,us
2021-09-10T13:42:47.504Z,40.9779,142.5441,55.74,4.2,mb,5.23576,151,1.133,0.53,us
2021-09-10T02:10:24.732Z,31.0311,139.6106,151.6,4.3,mb,5.27706,100,2.085,0.89,us
2021-09-09T20:49:26.204Z,42.7934,143.4135,101.08,4.2,mb,5.23576,156,0.8,0.89,us
2021-09-09T04:11:49.839Z,29.353,142.1801,10,5.4,mww,5.4,46,2.248,0.54,us
2021-09-08T22:16:55.893Z,37.1179,141.5455,7.34,4.2,mb,5.23576,205,2.738,0.69,us
2021-09-08T15:49:48.549Z,33.4062,141.1856,32.02,4.6,mb,5.41464,100,1.185,1.01,us
2021-09-08T02:31:57.426Z,30.6161,141.912,14.12,4.6,mb,5.41464,131,3.065,0.59,us
2021-09-07T18:41:23.076Z,39.1866,141.8615,74.52,4.5,mb,5.3665,139,1.714,0.39,us
2021-09-07T13:25:10.499Z,35.3614,141.3875,35,4.5,mb,5.3665,100,2.592,0.24,us
2021-09-06T20:59:21.975Z,31.1673,131.4674,45.94,4.6,mb,5.41464,102,0.932,0.95,us
2021-09-06T14:50:02.419Z,42.697,145.0948,49.73,4.7,mb,5.46506,122,1.589,0.8,us
2021-09-06T01:22:11.860Z,38.0576,144.7289,10,4.4,mb,5.32064,136,3.936,0.85,us
2021-09-05T05:48:59.275Z,41.2635,142.5583,48.51,4.6,mb,5.41464,124,0.874,0.42,us
2021-09-02T19:55:05.079Z,29.1912,142.5831,10,4.6,mb,5.41464,190,2.117,0.79,us
2021-09-02T19:03:48.545Z,39.489,144.7136,10,4.4,mb,5.32064,145,2.786,0.96,us
2021-09-02T09:35:28.389Z,29.6195,141.3338,34.79,4.4,mb,5.32064,93,2.623,1.1,us
2021-09-01T23:46:06.747Z,41.4409,142.158,57.88,4.2,mb,5.23576,136,0.942,0.65,us
2021-09-01T19:17:07.386Z,37.7211,141.6871,65.05,4.6,mb,5.41464,127,3.018,0.85,us
2021-09-01T08:16:41.821Z,37.6853,141.8461,55.59,4.3,mb,5.27706,129,3.123,0.71,us
2021-08-31T20:21:10.397Z,42.5469,141.6087,106.81,3.9,mb,5.12554,90,1.266,0.6,us
2021-08-31T17:55:12.505Z,33.8182,135.3042,33.63,4,mb,5.16,106,1.192,0.46,us
2021-08-31T00:34:28.163Z,30.9932,130.3913,165.49,4.3,mb,5.27706,121,0.517,0.76,us
2021-08-29T02:17:53.053Z,35.9253,143.1154,10,4.5,mb,5.3665,171,3.909,0.67,us
2021-08-27T04:04:11.763Z,37.3693,140.3184,103.86,4.3,mb,5.27706,128,1.88,1.24,us
2021-08-26T20:49:04.823Z,36.4405,141.2803,26.49,5,mww,5,95,1.376,1.09,us
2021-08-26T20:46:07.717Z,36.4446,141.1201,34.35,4.8,mb,5.51776,128,1.309,0.78,us
2021-08-26T02:50:23.435Z,29.6189,141.4545,35,4.4,mb,5.32064,67,2.594,0.89,us
2021-08-26T02:46:39.621Z,35.9065,142.6939,10,4.5,mb,5.3665,111,3.661,0.65,us
2021-08-25T10:53:37.482Z,29.6495,141.2841,34.93,4.5,mb,5.3665,111,2.665,0.7,us
2021-08-25T10:45:45.525Z,29.5685,141.4937,35,4.4,mb,5.32064,136,2.537,1.03,us
2021-08-25T10:18:17.193Z,29.6692,141.4309,40.06,5.1,mww,5.1,51,2.648,0.72,us
2021-08-25T07:14:02.460Z,36.1057,140.1731,44.85,4.3,mb,5.27706,144,1.644,0.95,us
2021-08-24T12:37:56.859Z,29.6809,141.5611,38.78,4.8,mb,5.51776,101,2.633,0.44,us
2021-08-24T10:20:20.261Z,35.7959,135.5134,358.19,4.2,mb,5.23576,45,1.313,0.6,us
2021-08-23T23:49:36.856Z,39.3093,143.6793,19.68,4.3,mb,5.27706,150,2.492,1.17,us
2021-08-23T21:18:50.329Z,31.5274,142.694,10,4.2,mb,5.23576,114,2.907,0.67,us
2021-08-23T01:24:22.465Z,40.7181,145.072,10,4.7,mb,5.46506,124,1.938,0.81,us
2021-08-22T19:16:58.623Z,40.1927,141.3309,97.72,4.4,mb,5.32064,137,0.629,0.87,us
2021-08-22T02:24:35.187Z,37.582,141.7748,56.96,5.3,mb,5.81546,46,3.035,1.07,us
2021-08-21T21:55:39.639Z,36.0387,142.4909,10,5.2,mww,5.2,59,3.495,0.55,us
2021-08-21T19:45:16.660Z,33.7652,141.5463,10,4.7,mb,5.46506,112,1.587,0.65,us
2021-08-21T16:01:24.366Z,41.958,142.7306,73.29,4.2,mb,5.23576,116,0.323,0.38,us
2021-08-21T05:34:55.449Z,44.7244,144.7547,23.35,4.4,mb,5.32064,144,1.663,0.49,us
2021-08-20T20:54:14.711Z,35.6839,140.4007,48.05,4.4,mb,5.32064,122,1.97,0.83,us
2021-08-20T18:58:12.632Z,44.735,144.7527,10,4.3,mb,5.27706,121,1.665,0.94,us
2021-08-19T23:30:13.777Z,41.4839,142.022,57.49,4.3,mb,5.27706,131,1.001,0.52,us
2021-08-19T02:36:02.845Z,29.4973,141.3068,41.27,4.5,mb,5.3665,91,2.514,0.92,us
2021-08-18T09:50:07.192Z,29.5117,141.2019,31.33,4.3,mb,5.27706,121,2.558,0.65,us
2021-08-18T09:44:07.999Z,29.6565,141.4379,39.23,5.1,mww,5.1,94,2.634,0.56,us
2021-08-17T16:31:03.796Z,34.974,133.0558,10,4.5,mb,5.3665,98,1.413,0.9,us
2021-08-17T07:59:45.987Z,32.7517,141.9307,10,4.8,mb,5.51776,112,1.816,0.65,us
2021-08-15T20:03:13.658Z,35.4524,136.3642,10,4.3,mb,5.27706,114,0.552,1.06,us
2021-08-13T05:36:28.472Z,36.7118,141.8126,11.85,4.5,mb,5.3665,140,2.903,1.12,us
2021-08-13T01:52:43.038Z,29.5407,141.1185,58.86,4.6,mb,5.41464,106,2.61,1.31,us
2021-08-13T00:48:50.347Z,36.5733,141.0737,35,4.5,mb,5.3665,159,2.306,0.96,us
2021-08-12T11:36:11.153Z,34.9341,140.3363,66.81,4.6,mb,5.41464,107,1.79,0.98,us
2021-08-10T23:28:26.388Z,40.9394,142.9894,43.92,4.3,mb,5.27706,144,1.082,0.96,us
2021-08-09T16:15:09.536Z,36.4659,141.4276,37.3,4.4,mb,5.32064,98,2.594,0.46,us
2021-08-08T09:37:32.001Z,43.1193,146.4227,67.47,4.4,mb,5.32064,136,2.652,0.65,us
2021-08-08T06:16:01.899Z,41.4144,142.0761,64.73,4,mb,5.16,133,0.986,0.33,us
2021-08-06T16:30:50.201Z,38.6621,141.1684,108.56,4.5,mb,5.3665,139,2.126,0.6,us
2021-08-05T21:10:12.831Z,36.2666,141.5916,35,4.5,mb,5.3665,85,2.742,0.71,us
2021-08-04T14:49:38.771Z,32.6158,141.7764,10,4.4,mb,5.32064,90,1.725,0.55,us
2021-08-04T14:23:56.421Z,36.6575,141.3199,41.7,4.3,mb,5.27706,102,2.506,0.46,us
2021-08-04T11:57:38.853Z,35.8782,142.529,10,4.2,mb,5.23576,193,3.552,0.66,us
2021-08-04T10:28:27.213Z,36.124,142.0166,10,4.4,mb,5.32064,141,3.102,0.83,us
2021-08-04T09:26:41.802Z,36.2366,141.8954,27.08,4.8,mb,5.51776,126,2.989,0.54,us
2021-08-04T09:20:48.798Z,36.2094,142.1607,21.68,4.2,mb,5.23576,133,3.206,0.51,us
2021-08-04T09:03:22.120Z,36.8278,141.2449,41.72,4.5,mb,5.3665,118,2.457,0.45,us
2021-08-04T06:14:54.893Z,36.1777,141.9808,10,4.8,mb,5.51776,117,3.066,0.8,us
2021-08-04T06:08:26.104Z,36.2078,141.8615,34.14,4.8,mb,5.51776,65,2.966,0.76,us
2021-08-04T05:02:52.107Z,36.1178,141.9632,30.51,4.1,mb,5.19674,170,3.06,0.98,us
2021-08-04T04:40:25.422Z,36.1778,141.8625,14,5.4,mww,5.4,42,2.971,0.63,us
2021-08-04T04:11:51.664Z,36.1826,142.3371,10,4.6,mb,5.41464,119,3.351,0.77,us
2021-08-04T03:05:37.366Z,36.258,142.0519,10,4.8,mb,5.51776,118,3.113,0.96,us
2021-08-04T02:56:24.909Z,36.2425,141.9935,12.57,4.8,mww,4.8,103,3.067,0.44,us
2021-08-04T02:32:51.988Z,36.15,141.8218,35,4.1,mb,5.19674,216,2.942,0.52,us
2021-08-04T02:11:28.784Z,36.2458,142.0116,32.29,4.2,mb,5.23576,180,3.082,0.4,us
2021-08-04T01:56:45.503Z,36.1722,142.1333,10,4.3,mb,5.27706,172,3.189,0.56,us
2021-08-04T01:12:06.907Z,36.2756,141.9541,36.29,4.2,mb,5.23576,197,3.032,0.66,us
2021-08-04T01:09:58.047Z,36.2281,141.9604,30.67,4.3,mb,5.27706,155,3.043,0.4,us
2021-08-04T01:04:03.407Z,36.1619,141.9568,19.79,4.3,mb,5.27706,153,3.049,0.4,us
2021-08-04T00:53:32.886Z,36.077,142.2197,10,4.4,mb,5.32064,133,3.272,0.77,us
2021-08-03T22:49:06.962Z,36.1767,141.7882,23.5,4.5,mb,5.3665,117,2.911,0.78,us
2021-08-03T22:10:54.707Z,36.1428,142.0719,10,4.9,mb,5.57274,118,3.143,0.74,us
2021-08-03T21:17:56.682Z,36.2494,142.0744,10,4.4,mb,5.32064,145,3.132,0.66,us
2021-08-03T21:04:32.049Z,36.0787,142.1689,10,4.5,mb,5.3665,192,3.231,1.11,us
2021-08-03T21:03:51.102Z,36.2211,142.1031,10,4.1,mb,5.19674,190,3.158,0.71,us
2021-08-03T20:58:41.016Z,36.1542,142.3022,10,4.2,mb,5.23576,145,3.326,0.63,us
2021-08-03T20:53:51.162Z,36.2437,141.9691,10,4.5,mb,5.3665,132,3.048,0.7,us
2021-08-03T20:53:26.214Z,36.3955,141.7489,24.63,4.4,mb,5.32064,138,2.857,0.67,us
2021-08-03T20:50:08.603Z,36.1692,142.3469,10,4.5,mb,5.3665,132,3.36,1,us
2021-08-03T20:43:10.211Z,36.1397,142.1001,10,5.2,mww,5.2,48,1.673,0.9,us
2021-08-03T20:42:49.374Z,36.2148,141.9301,26.41,4.7,mb,5.46506,89,1.595,0.71,us
2021-08-03T20:39:02.843Z,36.2381,141.9013,23.53,4.9,mb,5.57274,127,2.994,0.7,us
2021-08-03T20:37:17.770Z,36.1586,142.1403,21.93,4.9,mb,5.57274,138,3.196,0.81,us
2021-08-03T20:33:34.791Z,36.0981,142.1045,27,5.8,mww,5.8,40,1.657,0.76,us
2021-08-03T13:20:20.812Z,37.3504,142.2019,37.13,4.7,mb,5.46506,79,3.298,0.56,us
2021-08-03T12:37:52.955Z,36.8907,141.9864,35,4.5,mb,5.3665,139,3.055,0.58,us
2021-08-03T11:16:45.780Z,36.1887,142.0747,20.12,4.6,mb,5.41464,131,3.139,0.57,us
2021-08-03T10:47:39.958Z,36.1978,141.9399,35,4.5,mb,5.3665,137,3.03,0.52,us
2021-08-03T10:39:58.793Z,36.1162,142.1782,10,4.4,mb,5.32064,133,3.233,0.22,us
2021-08-03T10:29:17.615Z,36.1948,141.9343,16.99,5,mww,5,83,1.587,0.4,us
2021-08-03T08:56:58.202Z,33.0535,137.0409,400.49,4,mb,5.16,88,1.878,0.52,us
2021-08-03T07:28:23.392Z,36.1727,141.9275,17.2,4.6,mb,5.41464,126,3.024,0.46,us
2021-08-03T06:02:51.676Z,36.2176,141.8978,16.03,4.5,mb,5.3665,117,2.994,0.97,us
2021-08-03T04:38:59.328Z,42.8193,140.9553,146.05,4.5,mb,5.3665,58,1.763,0.55,us
2021-08-02T21:39:12.534Z,36.2416,141.9017,15.48,4.4,mb,5.32064,117,2.994,0.94,us
2021-08-02T15:35:32.843Z,36.1783,141.8431,27.47,4.7,mb,5.46506,115,2.955,0.48,us
2021-08-02T00:37:27.685Z,35.0453,133.0453,20.81,4.4,mb,5.32064,109,1.479,0.67,us
2021-08-01T13:50:29.962Z,34.4672,139.758,123.4,4.3,mb,5.27706,126,1.316,0.49,us
2021-07-31T12:02:18.587Z,33.8656,141.9196,10,4.3,mb,5.27706,149,1.912,0.44,us
2021-07-31T05:26:05.128Z,43.3488,141.6214,167.77,5,mww,5,81,1.043,0.61,us
2021-07-31T04:09:45.731Z,33.8647,134.5869,41.43,4.7,mb,5.46506,82,0.606,0.6,us
2021-07-30T21:10:30.330Z,29.5589,142.4591,10,4.6,mb,5.41464,137,4.223,0.88,us
2021-07-30T09:59:22.412Z,33.4784,141.15,35,4.2,mb,5.23576,135,1.176,0.55,us
2021-07-30T04:05:12.738Z,40.1664,142.4207,40.48,4.5,mb,5.3665,126,1.207,0.76,us
2021-07-29T07:17:15.436Z,36.6841,141.5677,42.87,4.6,mb,5.41464,139,2.706,0.71,us
2021-07-28T18:19:52.455Z,35.3003,141.0774,37.55,4.5,mb,5.3665,118,2.418,1,us
2021-07-27T16:52:30.841Z,36.3686,140.0385,79.3,4.6,mb,5.41464,142,1.485,0.6,us
2021-07-27T05:37:51.134Z,34.5615,136.619,353.89,4.4,mb,5.32064,34,0.855,0.63,us
2021-07-27T04:39:18.530Z,36.616,140.9679,46.82,4.6,mb,5.41464,128,2.221,0.56,us
2021-07-26T20:19:22.539Z,37.3756,141.2536,92.47,4.6,mb,5.41464,97,2.576,0.69,us
2021-07-26T03:23:06.515Z,34.369,136.6864,368.25,4.2,mb,5.23576,39,1.018,0.78,us
2021-07-26T02:16:15.813Z,41.4815,142.0615,55.88,5.2,mww,5.2,78,0.977,0.76,us
2021-07-25T11:47:53.949Z,29.7787,137.4628,509.22,4.1,mb,5.19674,75,3.885,0.86,us
2021-07-23T21:55:49.714Z,31.7581,139.6253,151.7,4.4,mb,5.32064,121,1.362,0.68,us
2021-07-23T08:06:13.324Z,30.4979,141.4301,10,4.3,mb,5.27706,132,2.95,0.88,us
2021-07-20T06:56:22.549Z,33.6621,141.044,73.86,4.3,mb,5.27706,123,1.164,1.02,us
2021-07-19T23:41:23.404Z,36.9628,142.3738,35,4.5,mb,5.3665,108,3.371,0.71,us
2021-07-19T10:23:16.819Z,37.4657,142.8409,10,4,mb,5.16,186,3.595,1.2,us
2021-07-18T21:56:17.283Z,32.2432,141.7377,10,4.6,mb,5.41464,138,1.84,0.67,us
2021-07-18T10:11:06.691Z,36.97,139.2056,10,4.5,mb,5.3665,120,0.907,0.61,us
2021-07-18T09:50:08.836Z,36.9787,139.1938,10,4.6,mb,5.41464,134,0.903,0.76,us
2021-07-18T05:35:50.918Z,33.9999,133.8743,40.78,4.6,mb,5.41464,65,0.267,0.52,us
2021-07-17T16:21:38.130Z,37.5737,141.8193,51.25,4.3,mb,5.27706,105,3.066,0.89,us
2021-07-17T11:49:59.304Z,33.6171,131.825,63.64,5.2,mww,5.2,31,1.714,0.6,us
2021-07-17T09:07:51.407Z,36.3146,137.6439,10,4.2,mb,5.23576,103,0.507,0.72,us
2021-07-17T04:27:41.318Z,33.7477,141.7963,10,4.2,mb,5.23576,112,1.773,1.2,us
2021-07-16T22:52:19.196Z,42.3657,144.3027,35,4.4,mb,5.32064,182,0.92,0.57,us
2021-07-16T11:50:39.278Z,33.1641,139.4569,18.25,4.3,mb,5.27706,64,0.277,0.35,us
2021-07-16T06:01:49.156Z,33.1046,139.3865,10,4.3,mb,5.27706,98,0.358,0.36,us
2021-07-16T05:51:42.590Z,33.2932,139.5494,10,4.4,mb,5.32064,91,0.283,0.62,us
2021-07-16T04:54:55.074Z,33.2742,139.4827,10,4.5,mb,5.3665,91,0.295,0.56,us
2021-07-16T04:30:02.295Z,33.2096,139.4151,10,4.2,mb,5.23576,120,0.321,1.03,us
2021-07-16T04:19:57.961Z,33.2825,139.5273,11.53,5.4,mww,5.4,39,0.269,0.81,us
2021-07-15T11:12:09.170Z,39.8665,143.5958,11.74,4.6,mb,5.41464,117,2.143,0.58,us
2021-07-13T23:58:49.210Z,31.1049,141.5498,19.28,4.5,mb,5.3665,104,2.487,0.7,us
2021-07-12T13:48:29.406Z,32.0222,141.8193,10,4.7,mb,5.46506,128,2.013,0.65,us
2021-07-09T23:28:23.515Z,37.0674,143.8249,10,4.4,mb,5.32064,128,4.294,0.95,us
2021-07-09T20:23:44.792Z,37.2826,143.7541,19.07,5.3,mww,5.3,84,4.08,0.75,us
2021-07-09T16:26:12.041Z,40.5044,141.8752,66.39,4.3,mb,5.27706,134,0.679,0.8,us
2021-07-09T07:47:14.982Z,43.3356,144.2396,144.6,4.1,mb,5.19674,165,1.427,0.45,us
2021-07-08T11:17:27.109Z,31.9596,143.6793,10,5.2,mb,5.75136,36,3.462,0.65,us
2021-07-07T19:03:53.981Z,31.9552,141.6984,10,4.2,mb,5.23576,178,1.967,0.52,us
2021-07-07T17:02:32.572Z,37.206,134.9975,370.11,4.6,mb,5.41464,28,2.474,0.82,us
2021-07-07T16:24:35.799Z,33.6982,132.2509,52.54,4.5,mb,5.3665,78,1.355,0.94,us
2021-07-07T01:51:20.101Z,43.1623,144.1745,102.65,4.2,mb,5.23576,142,1.37,0.74,us
2021-07-06T14:19:00.804Z,30.3622,138.6493,443.14,4.1,mb,5.19674,102,2.918,0.61,us
2021-07-06T06:29:46.952Z,44.7187,141.9308,242.35,4.5,mb,5.3665,81,0.764,0.86,us
2021-07-04T16:22:41.468Z,40.4367,144.9976,10,4.3,mb,5.27706,137,2.1,0.67,us
2021-07-04T06:35:22.667Z,36.6471,141.0365,51.3,4.4,mb,5.32064,126,2.277,0.71,us
2021-07-03T19:06:08.822Z,38.6358,141.7642,70.23,4.2,mb,5.23576,154,2.217,0.56,us
2021-07-03T17:19:53.847Z,41.9113,142.5143,55.49,4.4,mb,5.32064,108,0.49,0.99,us
2021-07-03T16:24:01.943Z,39.7542,142.049,59.74,4.3,mb,5.27706,188,1.279,0.59,us
2021-07-02T01:48:08.389Z,41.4989,142.1589,62.09,4.2,mb,5.23576,103,0.907,0.94,us
2021-06-30T21:44:01.449Z,39.2381,142.2479,52.94,4.4,mb,5.32064,135,1.796,0.96,us
2021-06-30T13:18:09.474Z,39.5924,140.4231,135.56,4.5,mb,5.3665,89,1.292,0.55,us
2021-06-30T12:37:31.513Z,35.8605,140.8596,10,4.2,mb,5.23576,158,2.249,0.45,us
2021-06-30T03:53:20.666Z,37.2356,141.3935,44.12,4,mwr,4,114,2.645,0.49,us
2021-06-29T16:36:11.151Z,38.6817,141.985,79.74,4.1,mb,5.19674,182,2.221,0.48,us
2021-06-29T05:55:51.020Z,31.7709,131.7087,49.86,5,mb,5.63,113,1.102,1.16,us
2021-06-29T01:42:11.287Z,35.6419,140.3552,44.66,4.3,mb,5.27706,140,1.956,0.45,us
2021-06-28T06:13:53.450Z,43.0045,145.2487,75.65,4.2,mb,5.23576,176,1.835,0.37,us
2021-06-27T00:06:55.511Z,40.1891,142.7201,38.39,4.1,mb,5.19674,189,1.397,0.57,us
2021-06-25T11:41:15.490Z,30.8075,141.9444,10,4.3,mb,5.27706,144,2.928,0.73,us
2021-06-24T22:41:45.862Z,38.5605,144.5973,10,4.3,mb,5.27706,260,3.519,0.56,us
2021-06-24T06:19:04.259Z,29.7339,142.3519,10,4.2,mb,5.23576,136,2.632,0.68,us
2021-06-23T18:44:20.377Z,43.5341,146.147,113.92,4.3,mb,5.27706,158,2.637,0.56,us
2021-06-23T12:35:14.893Z,37.8229,144.4386,10,4.6,mb,5.41464,137,3.952,0.72,us
2021-06-20T11:08:24.615Z,43.5582,142.6172,151.93,5.3,mww,5.3,59,0.56,0.6,us
2021-06-18T22:39:13.136Z,33.5055,132.5646,41.87,4.9,mb,5.57274,41,1.117,0.81,us
2021-06-18T11:34:17.740Z,34.5034,140.6554,10,4.2,mb,5.23576,165,1.551,0.6,us
2021-06-17T08:59:34.009Z,34.8992,141.7647,10,4.5,mb,5.3665,104,2.406,0.65,us
2021-06-15T18:03:13.302Z,30.2668,138.7912,418.11,4.2,mb,5.23576,69,2.966,0.81,us
2021-06-15T06:18:34.913Z,33.6404,138.6055,10,4.5,mb,5.3665,67,1.092,0.66,us
2021-06-14T13:24:40.718Z,29.6636,131.0354,23.83,4.4,mb,5.32064,129,1.907,0.9,us
2021-06-14T00:08:28.272Z,43.1781,145.6821,70.59,4.2,mb,5.23576,196,2.431,0.36,us
2021-06-13T19:06:42.005Z,36.8339,140.591,10,4.2,mb,5.23576,153,1.936,1.06,us
2021-06-13T11:58:23.775Z,40.9637,141.9169,66.01,4,mb,5.16,138,0.669,0.23,us
2021-06-13T02:18:36.667Z,36.3754,143.1172,10,4.3,mb,5.27706,140,3.96,1.17,us
2021-06-12T20:32:18.445Z,43.1589,141.611,161.91,4.4,mb,5.32064,77,1.195,0.69,us
2021-06-11T08:34:13.176Z,39.868,142.2289,35.91,4.1,mb,5.19674,155,1.28,0.62,us
2021-06-10T11:35:47.164Z,42.1987,142.8435,76.14,4.6,mb,5.41464,73,0.296,0.66,us
2021-06-10T09:56:04.724Z,41.0007,142.2853,56.68,4.8,mb,5.51776,87,0.949,0.79,us
2021-06-09T13:05:55.860Z,40.1213,142.3654,42.51,5,mww,5,98,1.196,0.63,us
2021-06-09T08:27:22.211Z,35.5577,139.7215,130.53,4.5,mb,5.3665,106,1.536,0.86,us
2021-06-08T22:34:25.019Z,39.899,142.1931,44.11,4.9,mb,5.57274,70,1.238,0.64,us
2021-06-08T15:29:01.059Z,36.4075,143.0603,10,5.3,mww,5.3,83,3.912,0.49,us
2021-06-08T01:19:15.059Z,37.8148,141.8306,58.22,4.8,mb,5.51776,88,3.029,0.84,us
2021-06-07T16:14:04.194Z,30.9133,142.3077,10,4.2,mb,5.23576,153,3.05,0.76,us
2021-06-07T08:15:17.003Z,36.5225,141.7004,42.2,4.3,mb,5.27706,120,2.812,0.71,us
2021-06-07T02:11:32.633Z,42.8531,143.9664,65.62,4.4,mb,5.32064,115,1.029,1.2,us
2021-06-06T18:11:07.095Z,34.5639,140.2966,85.66,5,mww,5,93,1.499,1.18,us
2021-06-06T15:59:22.299Z,37.6847,142.2248,46.18,4.5,mb,5.3665,177,3.228,0.62,us
2021-06-06T14:55:08.996Z,31.3015,131.6558,41.16,4.3,mb,5.27706,130,1.049,0.76,us
2021-06-06T03:46:54.807Z,29.4668,141.1128,58.61,4.4,mb,5.32064,132,2.544,0.48,us
2021-06-05T23:23:31.780Z,36.4003,142.701,10,4.3,mb,5.27706,149,3.623,0.7,us
2021-06-05T19:38:39.237Z,29.044,143.7932,10,4.1,mb,5.19674,184,2.405,0.83,us
2021-06-04T05:41:17.767Z,32.0125,139.8917,127.23,4.4,mb,5.32064,113,1.101,0.72,us
2021-06-02T16:12:24.039Z,30.5308,131.1152,39.85,4.5,mb,5.3665,101,1.129,0.83,us
2021-06-02T09:14:57.640Z,36.1168,141.7464,35,4.4,mb,5.32064,99,2.887,0.56,us
2021-06-02T03:36:19.136Z,30.8714,142.2203,10,4.5,mb,5.3665,101,3.051,0.49,us
2021-06-01T23:05:22.786Z,38.9493,142.1729,63.26,4.3,mb,5.27706,217,2.026,0.27,us
2021-06-01T21:54:53.573Z,42.001,144.2792,25.05,4.6,mb,5.41464,124,0.836,0.89,us
2021-06-01T04:43:06.666Z,40.1959,142.4964,37.68,4.8,mb,5.51776,102,1.242,0.89,us
2021-05-31T22:04:42.354Z,33.1624,142.6369,10,5.2,mww,5.2,33,2.369,0.81,us
2021-05-30T19:48:46.884Z,31.75,140.3537,91.32,4.9,mb,5.57274,89,1.435,1.08,us
2021-05-30T15:21:11.283Z,33.2831,137.8614,357.09,4,mb,5.16,84,1.416,0.32,us
2021-05-29T10:10:41.159Z,42.0473,142.5681,56.92,4.9,mb,5.57274,86,0.44,0.53,us
2021-05-29T01:02:41.087Z,36.3105,141.9873,12.04,5.5,mww,5.5,63,3.055,0.85,us
2021-05-29T00:42:52.476Z,36.4413,141.9959,10,5,mb,5.63,141,3.053,0.5,us
2021-05-29T00:04:50.026Z,36.3453,141.9087,10,4.9,mb,5.57274,127,2.989,0.84,us
2021-05-28T23:21:04.119Z,36.3194,142.1212,10,5.2,mww,5.2,101,3.162,0.96,us
2021-05-28T01:05:46.951Z,41.2993,140.3004,157.32,4.4,mb,5.32064,61,0.77,0.95,us
2021-05-26T21:04:03.539Z,40.5175,143.1582,38.17,4.8,mb,5.51776,128,1.496,0.53,us
2021-05-25T23:57:40.624Z,33.8408,135.3825,50.51,4.3,mb,5.27706,81,1.259,0.64,us
2021-05-25T14:22:18.552Z,32.3944,141.3487,18.58,4.3,mb,5.27706,106,1.479,0.42,us
2021-05-25T10:51:41.650Z,33.1474,139.4799,10,4.6,mb,5.41464,90,0.256,0.56,us
2021-05-25T10:46:54.488Z,33.2686,139.289,10,3.9,mwr,3.9,91,0.44,0.75,us
2021-05-24T16:19:19.697Z,37.6493,141.8087,51.7,4.4,mb,5.32064,104,3.083,0.65,us
2021-05-24T14:16:40.940Z,36.4667,141.2031,47.54,4.5,mb,5.3665,159,2.413,0.67,us
2021-05-24T05:15:57.366Z,33.1776,139.3567,10,4.1,mwr,4.1,79,0.362,0.77,us
2021-05-24T03:59:56.620Z,33.1086,139.371,10,4.4,mb,5.32064,190,0.346,0.72,us
2021-05-24T03:52:16.913Z,33.2268,139.3771,10,4.7,mb,5.46506,60,0.357,0.66,us
2021-05-23T19:09:17.202Z,35.8904,140.1358,67.82,4.6,mb,5.41464,120,1.688,0.99,us
2021-05-23T16:27:33.038Z,39.57,139.7642,178.95,4.4,mb,5.32064,116,1.573,0.47,us
2021-05-23T09:15:57.661Z,37.7233,141.9089,53,4.4,mb,5.32064,157,3.131,0.5,us
2021-05-21T20:20:55.010Z,31.8174,142.1409,10,4.4,mb,5.32064,139,2.354,0.54,us
2021-05-21T14:08:36.374Z,29.1734,142.8405,10,4.3,mb,5.27706,217,2.149,0.93,us
2021-05-21T09:08:17.353Z,35.3608,141.3662,10,4.3,mb,5.27706,139,2.582,0.42,us
2021-05-21T05:45:49.878Z,30.7082,140.7098,10,4.2,mb,5.23576,123,2.518,0.41,us
2021-05-20T22:16:09.564Z,36.9228,139.9959,35,4.2,mb,5.23576,152,1.487,1.1,us
2021-05-19T20:27:27.385Z,40.5102,142.0843,56.03,4.4,mb,5.32064,126,0.824,0.7,us
2021-05-19T14:19:12.815Z,29.1822,142.323,22.19,4.5,mb,5.3665,91,2.082,0.5,us
2021-05-19T11:54:32.589Z,37.6654,141.907,51.6,4.4,mb,5.32064,155,3.161,0.42,us
2021-05-19T10:21:42.652Z,39.1324,142.1033,56.31,4.2,mb,5.23576,150,1.837,0.54,us
2021-05-18T21:40:10.905Z,38.2946,141.682,63.6,4.3,mb,5.27706,157,2.537,1.04,us
2021-05-18T18:07:33.480Z,36.8515,135.0632,382.39,4,mb,5.16,60,2.186,0.72,us
2021-05-18T15:48:33.391Z,42.1049,144.0354,48.01,4.7,mb,5.46506,138,0.66,0.68,us
2021-05-17T23:58:39.695Z,42.1119,144.0278,10,4.3,mb,5.27706,181,0.655,0.2,us
2021-05-17T21:29:16.141Z,29.6755,141.4063,35,4.6,mb,5.41464,95,2.66,1.18,us
2021-05-17T15:49:04.200Z,32.7593,139.016,217.89,4.1,mb,5.19674,116,0.738,0.73,us
2021-05-16T08:52:28.631Z,42.0692,144.4858,10,4.3,mb,5.27706,136,0.991,0.41,us
2021-05-16T06:41:10.574Z,37.6349,141.6153,48.24,4.5,mb,5.3665,118,2.934,0.37,us
2021-05-16T05:18:00.911Z,41.9182,144.1799,10,4.1,mb,5.19674,151,0.768,0.36,us
2021-05-16T05:07:12.406Z,41.9053,144.4866,10,4.4,mb,5.32064,99,0.997,0.69,us
2021-05-16T03:23:53.371Z,42.0159,144.4738,9,5.7,mww,5.7,40,0.981,1.13,us
2021-05-15T22:19:06.956Z,35.9793,140.0071,58.99,4.1,mb,5.19674,162,1.557,0.27,us
2021-05-15T20:19:40.331Z,32.625,138.886,10,4.3,mb,5.27706,128,0.921,0.47,us
2021-05-15T11:03:51.900Z,36.2522,141.7617,20.74,4.7,mb,5.46506,96,2.88,0.46,us
2021-05-14T11:46:50.006Z,42.4623,142.5545,25.39,4.5,mwr,4.5,78,0.632,0.49,us
2021-05-14T09:37:59.501Z,35.6564,139.6978,74.51,4.4,mb,5.32064,121,1.494,0.61,us
2021-05-14T00:23:23.178Z,38.0258,141.3548,44.61,4.4,mb,5.32064,171,2.769,0.44,us
2021-05-13T23:58:14.041Z,37.7169,141.8167,32,6,mww,6,43,3.112,0.93,us
2021-05-12T04:17:45.835Z,32.4936,141.136,35,4.4,mb,5.32064,120,1.274,0.74,us
2021-05-12T03:46:56.821Z,32.4961,141.4927,35,4.9,mb,5.57274,115,1.542,0.78,us
2021-05-12T03:21:18.463Z,38.4231,133.6897,455.61,4,mb,5.16,73,4.049,0.48,us
2021-05-11T23:30:03.896Z,40.2487,142.325,57.99,4.4,mb,5.32064,142,1.102,0.91,us
2021-05-10T15:47:04.171Z,41.4939,142.0734,58.35,4.3,mb,5.27706,131,0.963,0.7,us
2021-05-09T04:19:59.886Z,36.1407,140.1535,72.44,4.2,mb,5.23576,147,1.62,0.47,us
2021-05-08T16:57:29.000Z,36.6434,141.788,10,4.4,mb,5.32064,125,2.882,0.71,us
2021-05-08T12:07:39.282Z,31.931,140.5414,72.72,4.7,mb,5.46506,113,1.331,0.85,us
2021-05-08T11:52:42.596Z,32.0388,140.4263,84.57,4.6,mb,5.41464,119,1.191,0.72,us
2021-05-08T05:38:28.894Z,39.8472,143.8948,10,4.2,mb,5.23576,188,2.236,0.49,us
2021-05-08T04:19:07.784Z,31.9824,140.3369,87.97,5.1,mww,5.1,42,1.213,1,us
2021-05-06T22:11:46.395Z,31.5573,131.2714,57.51,4.3,mb,5.27706,120,0.7,0.95,us
2021-05-06T15:15:14.221Z,42.2956,142.4364,82.88,4.3,mb,5.27706,71,0.604,0.78,us
2021-05-06T00:16:50.920Z,32.6931,130.6038,10,4.4,mb,5.32064,102,1.187,0.52,us
2021-05-05T07:42:34.612Z,40.2048,143.4012,10,4.6,mb,5.41464,150,1.817,0.91,us
2021-05-04T22:28:10.039Z,42.3956,144.5788,35,4.3,mb,5.27706,133,1.122,0.76,us
2021-05-04T18:10:43.134Z,37.1861,141.8522,9.5,5,mww,5,60,2.991,0.68,us
2021-05-03T07:55:03.553Z,30.4453,131.4185,35,4.6,mb,5.41464,128,1.346,0.52,us
2021-05-02T23:00:37.614Z,42.6509,142.9561,88.31,4.4,mb,5.32064,115,0.652,0.63,us
2021-05-02T22:11:03.065Z,30.2365,138.7697,432.84,4.1,mb,5.19674,88,3.004,0.61,us
2021-05-02T18:28:50.731Z,29.534,141.0495,64.21,4.3,mb,5.27706,126,2.627,0.61,us
2021-05-02T11:06:32.958Z,33.091,140.1021,139.24,4,mb,5.16,127,0.243,0.63,us
2021-05-02T06:45:17.765Z,29.6465,141.4551,43.17,4.3,mb,5.27706,121,2.621,0.38,us
2021-05-01T01:27:27.215Z,38.1997,141.5973,43,6.9,mww,6.9,35,2.619,0.82,us
2021-05-01T00:10:06.961Z,39.4976,140.5824,142.11,4.5,mb,5.3665,96,1.342,0.63,us
2021-04-30T23:10:45.809Z,40.6788,144.9557,10,4.1,mb,5.19674,258,1.901,0.31,us
2021-04-30T17:45:42.100Z,33.8776,136.442,387.54,4.4,mb,5.32064,44,1.546,0.75,us
2021-04-29T15:39:38.412Z,41.3119,143.0529,35.86,4.2,mb,5.23576,164,0.706,0.8,us
2021-04-29T12:47:40.049Z,36.9072,144.068,35.71,4.1,mb,5.19674,147,4.53,0.93,us
2021-04-28T00:05:02.266Z,33.5899,140.2275,96.1,4.1,mb,5.19674,117,0.586,0.78,us
2021-04-26T11:12:06.682Z,34.7518,141.7226,28.34,4.3,mb,5.27706,117,2.276,0.7,us
2021-04-24T09:35:13.093Z,39.9659,142.0031,66.49,4.6,mb,5.41464,134,1.091,0.85,us
2021-04-24T08:59:01.389Z,36.3449,140.4431,98.26,4.3,mb,5.27706,147,1.812,0.73,us
2021-04-24T04:57:25.668Z,34.2928,142.1394,10,4.2,mb,5.23576,161,2.266,1.04,us
2021-04-24T02:40:08.010Z,29.3698,129.3107,10,4.3,mb,5.27706,139,2.349,0.89,us
2021-04-23T15:16:26.084Z,30.5954,137.691,486.15,4.4,mb,5.32064,66,3.094,0.72,us
2021-04-23T07:26:37.167Z,30.5094,131.3683,27.31,4.5,mb,5.3665,118,1.269,0.86,us
2021-04-23T05:12:23.842Z,37.2918,140.9047,66.57,4.3,mb,5.27706,205,2.286,0.38,us
2021-04-23T02:19:31.571Z,31.632,140.9907,61.29,4.6,mb,5.41464,113,1.783,0.77,us
2021-04-22T14:11:44.560Z,30.0736,138.3967,455.87,4.1,mb,5.19674,99,3.264,0.72,us
2021-04-20T17:39:58.443Z,36.3374,138.5331,169.27,4.8,mb,5.51776,60,0.331,0.79,us
2021-04-19T18:10:17.998Z,37.671,141.6793,67.51,4.3,mb,5.27706,148,2.994,0.83,us
2021-04-19T04:06:21.751Z,38.0695,141.4995,56.37,4.9,mb,5.57274,104,2.737,1.27,us
2021-04-18T00:29:25.096Z,38.2543,141.8817,31.43,5.6,mb,6.02144,41,2.609,0.72,us
2021-04-18T00:29:11.489Z,38.3481,141.95,41,5.6,mww,5.6,40,2.532,0.89,us
2021-04-17T20:45:23.193Z,35.6298,140.4877,53.25,4.3,mb,5.27706,132,2.057,0.56,us
2021-04-16T11:51:37.879Z,38.3078,142.0674,51.72,4.5,mb,5.3665,139,2.596,0.52,us
2021-04-15T20:47:55.006Z,42.3226,140.6145,42.77,4.4,mb,5.32064,69,1.568,0.78,us
2021-04-15T11:23:50.095Z,41.5709,142.0811,68.74,4.3,mb,5.27706,127,0.918,0.65,us
2021-04-14T23:44:17.928Z,39.5135,143.2807,10,4.2,mb,5.23576,158,2.123,0.85,us
2021-04-14T10:02:52.076Z,38.0913,142.5561,37.84,4.3,mb,5.27706,108,2.931,0.79,us
2021-04-14T04:53:27.738Z,29.37,129.2778,10,4.4,mb,5.32064,89,2.361,0.71,us
2021-04-14T03:27:44.575Z,41.5492,141.9384,57.04,4.4,mwr,4.4,117,1.005,0.57,us
2021-04-13T13:53:01.567Z,36.5073,137.7686,10,4.3,mb,5.27706,102,0.352,1.02,us
2021-04-13T07:54:17.708Z,33.6848,135.2652,10,4.4,mb,5.32064,97,1.158,0.81,us
2021-04-13T03:53:00.179Z,29.3437,129.4471,10,4.6,mb,5.41464,128,2.326,0.51,us
2021-04-13T01:54:36.231Z,29.2537,129.4954,10,4.6,mb,5.41464,160,2.395,0.5,us
2021-04-12T14:01:48.019Z,29.3324,129.4965,10,5.2,mww,5.2,101,2.321,0.63,us
2021-04-11T18:59:30.889Z,36.1374,140.0881,73.42,4.7,mb,5.46506,137,1.569,0.68,us
2021-04-11T12:14:15.985Z,29.334,129.4207,10,4.6,mb,5.41464,91,2.344,0.59,us
2021-04-11T12:00:23.466Z,29.3872,129.3098,10,4.8,mb,5.51776,107,2.334,0.81,us
2021-04-11T11:09:20.681Z,29.2647,129.4618,10,4.4,mb,5.32064,110,2.395,0.76,us
2021-04-11T10:01:14.642Z,29.3701,129.3632,10,4.6,mb,5.41464,107,2.33,0.51,us
2021-04-11T06:39:47.753Z,43.2188,145.4408,73.07,4.2,mb,5.23576,182,2.07,0.54,us
2021-04-10T23:00:21.857Z,29.2271,129.3731,10,4.6,mb,5.41464,90,2.458,0.62,us
2021-04-10T20:40:37.157Z,29.3342,129.4744,10,4.7,mb,5.46506,111,2.326,0.67,us
2021-04-10T20:20:38.921Z,29.3518,129.3413,10,4.6,mb,5.41464,90,2.354,0.55,us
2021-04-10T18:18:14.165Z,29.2546,129.5446,10,4.7,mb,5.46506,112,2.38,0.74,us
2021-04-10T17:15:26.350Z,29.2049,129.6366,10,4.2,mb,5.23576,130,2.402,1.22,us
2021-04-10T17:08:23.910Z,29.2827,129.4947,10,4.2,mb,5.23576,111,2.368,0.88,us
2021-04-10T14:09:31.156Z,29.3534,129.2878,10,4.4,mb,5.32064,108,2.372,0.68,us
2021-04-10T13:10:38.083Z,29.3331,129.4402,10,4.9,mb,5.57274,106,2.338,0.94,us
2021-04-10T07:36:25.316Z,29.2951,129.5271,10,5.1,mww,5.1,104,2.347,0.58,us
2021-04-10T06:52:10.379Z,29.1432,129.8486,17.65,5.1,mww,5.1,80,2.415,1,us
2021-04-10T05:25:07.908Z,29.1918,129.6108,10,4.3,mb,5.27706,113,2.421,0.69,us
2021-04-10T05:07:31.615Z,29.3042,129.3737,10,4.3,mb,5.27706,109,2.387,0.95,us
2021-04-10T01:54:56.345Z,29.3154,129.3775,10,4.4,mb,5.32064,108,2.375,0.79,us
2021-04-09T22:07:30.246Z,29.2909,129.4062,10,5.2,mww,5.2,68,2.388,0.64,us
2021-04-09T16:59:34.493Z,37.836,141.7453,62.32,4.3,mb,5.27706,129,2.996,1.06,us
2021-04-09T08:54:08.298Z,39.9911,141.6293,72.22,4.3,mb,5.27706,184,0.906,1.16,us
2021-04-08T22:03:30.312Z,35.7057,140.4473,56.34,4.4,mb,5.32064,155,1.994,0.15,us
2021-04-07T10:01:40.049Z,33.4639,141.088,41.23,4.4,mb,5.32064,135,1.122,0.46,us
2021-04-06T20:10:34.121Z,38.0568,142.3068,25.06,4.2,mb,5.23576,138,2.893,0.72,us
2021-04-06T16:44:15.647Z,43.058,145.6071,53.07,4.6,mb,5.41464,104,2.089,0.4,us
2021-04-06T09:11:52.468Z,40.9894,143.2281,29.66,4.1,mb,5.19674,151,1.026,0.45,us
2021-04-05T00:31:48.113Z,33.3896,140.5657,67.43,4.6,mb,5.41464,101,0.686,0.67,us
2021-04-04T21:21:57.582Z,34.629,137.6038,10,4.5,mb,5.3665,61,0.479,0.69,us
2021-04-04T17:42:54.348Z,43.494,144.0915,17.39,4.4,mb,5.32064,147,1.251,1.24,us
2021-04-03T12:58:26.514Z,38.9269,142.1217,41.84,4.6,mb,5.41464,134,2.03,0.37,us
2021-04-02T16:36:30.112Z,37.6834,141.9822,51.65,4.2,mb,5.23576,139,3.182,0.96,us
2021-04-01T21:51:16.138Z,33.4136,141.2818,29.49,4.3,mb,5.27706,145,1.265,0.62,us
2021-04-01T16:59:33.466Z,29.1546,142.5018,46.45,4.5,mb,5.3665,129,2.07,0.67,us
2021-04-01T09:09:58.159Z,42.3214,144.2899,47.03,4.2,mb,5.23576,173,0.896,0.65,us
2021-04-01T04:30:03.407Z,41.523,142.0404,47.68,4.8,mb,5.51776,111,0.969,0.91,us
2021-03-31T23:07:45.952Z,33.1419,139.2247,174.53,4.3,mb,5.27706,77,0.469,0.72,us
2021-03-30T11:11:10.102Z,36.2312,141.9429,35,4.6,mb,5.41464,132,3.028,0.57,us
2021-03-29T02:27:29.388Z,31.0203,140.898,64.67,4.4,mb,5.32064,124,2.282,0.71,us
2021-03-28T08:12:01.488Z,42.0553,142.5553,59.13,4.4,mb,5.32064,94,0.45,0.54,us
2021-03-28T02:40:57.243Z,33.5339,140.5066,47.69,4.1,mb,5.19674,139,0.714,1.15,us
2021-03-28T00:26:55.783Z,33.6313,140.2781,40,5.7,mww,5.7,18,0.644,0.85,us
2021-03-27T20:18:18.619Z,29.1231,141.091,70.08,4.2,mb,5.23576,128,2.238,0.86,us
2021-03-26T12:07:48.242Z,38.3358,141.8412,73.22,4.2,mb,5.23576,155,2.522,0.87,us
2021-03-26T06:41:43.763Z,29.9446,142.0537,10,4.4,mb,5.32064,135,2.84,0.29,us
2021-03-26T03:48:30.193Z,42.0345,142.8001,54.83,4.2,mb,5.23576,102,0.266,0.81,us
2021-03-24T09:12:10.101Z,29.5006,132.1538,10,4.8,mb,5.51776,60,2.482,0.7,us
2021-03-24T03:24:32.657Z,32.1802,140.9371,35,4.3,mb,5.27706,119,1.329,0.88,us
2021-03-21T15:30:50.003Z,35.7096,140.4525,56.66,4.5,mb,5.3665,120,1.997,0.45,us
2021-03-20T21:56:36.208Z,37.6046,141.8953,54.53,4.7,mb,5.46506,133,3.133,0.78,us
2021-03-20T19:33:39.515Z,39.5929,143.5279,10,4.2,mb,5.23576,126,2.233,0.89,us
2021-03-20T16:41:17.388Z,38.2272,141.8137,61.43,4.3,mb,5.27706,161,2.623,0.77,us
2021-03-20T16:03:54.015Z,30.4542,131.033,49.22,4.9,mb,5.57274,126,1.163,0.79,us
2021-03-20T09:34:58.676Z,38.3296,141.8316,61.11,4.6,mb,5.41464,137,2.527,0.77,us
2021-03-20T09:09:43.966Z,38.4515,141.6477,43,7,mww,7,35,2.378,0.75,us
2021-03-20T07:45:26.397Z,45.5115,142.1155,301.99,4.1,mb,5.19674,111,1.433,0.8,us
2021-03-20T00:26:26.019Z,40.2316,142.3856,39.72,4.5,mwr,4.5,83,1.151,0.65,us
2021-03-17T08:28:48.740Z,37.6781,141.6127,45.92,5,mww,5,40,2.947,0.84,us
2021-03-15T19:56:17.642Z,36.1742,139.7703,56.38,5,mb,5.63,90,0.971,0.77,us
2021-03-14T15:26:03.270Z,34.0323,135.2027,35,4.7,mb,5.46506,46,1.143,0.73,us
2021-03-14T00:22:19.224Z,32.5713,130.5588,15.47,4.5,mb,5.3665,108,1.062,0.7,us
2021-03-13T17:16:56.477Z,40.267,142.3387,51.85,4.9,mb,5.57274,72,1.102,0.65,us
2021-03-13T15:46:34.887Z,42.2815,141.2499,123.46,4.1,mb,5.19674,150,1.497,0.81,us
2021-03-10T15:36:58.099Z,39.4604,143.5744,10,4.3,mb,5.27706,130,2.337,0.99,us
2021-03-10T05:51:00.340Z,30.8459,137.7817,453.76,4.3,mb,5.27706,76,2.833,0.7,us
2021-03-09T00:27:00.076Z,40.1456,137.8304,279.61,4.6,mb,5.41464,59,2.549,0.81,us
2021-03-08T23:30:00.089Z,38.7899,141.5555,83.29,4.9,mb,5.57274,94,2.032,0.56,us
2021-03-08T14:36:06.067Z,37.7704,141.6617,55.46,4.6,mb,5.41464,135,3.018,0.53,us
2021-03-08T05:58:28.144Z,41.5604,142.0154,61.15,4.4,mb,5.32064,162,1.052,0.39,us
2021-03-07T14:21:25.394Z,42.0856,142.3906,49.99,4.5,mb,5.3665,120,1.634,0.41,us
2021-03-07T12:44:28.043Z,37.6188,141.5923,63.32,4.2,mb,5.23576,88,2.911,1.05,us
2021-03-07T03:42:18.625Z,36.3449,140.8482,54.84,4.2,mb,5.23576,157,2.137,0.85,us
2021-03-06T14:01:50.617Z,43.6717,140.6727,207.1,4.4,mb,5.32064,103,1.458,1.02,us
2021-03-06T01:53:53.175Z,41.8075,142.5554,68.22,4.3,mb,5.27706,150,1.515,0.69,us
2021-03-05T11:18:08.532Z,29.8361,142.1261,10,4.5,mb,5.3665,115,2.73,0.57,us
2021-03-05T06:14:07.255Z,42.0318,142.4684,62.24,4.6,mb,5.41464,137,1.629,0.59,us
2021-03-04T03:26:35.553Z,41.0539,143.2146,32.73,4.4,mb,5.32064,142,0.961,0.85,us
2021-03-04T02:22:53.993Z,35.7794,140.899,35,4.3,mb,5.27706,139,2.31,0.66,us
2021-03-02T09:48:58.556Z,37.556,141.8261,55.95,4.3,mb,5.27706,161,3.065,0.55,us
2021-03-02T04:58:35.819Z,32.7234,138.9062,10,4.2,mb,5.23576,123,0.857,0.95,us
2021-03-02T01:50:40.909Z,32.9633,139.9432,144.53,4.4,mb,5.32064,149,0.186,0.5,us
2021-03-01T06:07:52.582Z,37.4863,141.9702,51.87,4.5,mb,5.3665,164,3.154,0.41,us
2021-03-01T02:58:02.974Z,33.6489,141.4957,10,4.2,mb,5.23576,230,1.504,0.86,us
2021-03-01T02:54:06.464Z,42.1519,144.3451,25.64,4.6,mb,5.41464,134,0.894,0.8,us
2021-02-28T16:12:05.392Z,30.1537,131.1755,35,4.7,mb,5.46506,121,1.487,0.7,us
2021-02-28T14:31:56.903Z,30.0044,131.4782,24.92,4.6,mb,5.41464,123,1.74,0.6,us
2021-02-28T14:30:15.934Z,30.1656,131.1,30.18,5.1,mb,5.68954,79,1.45,0.59,us
2021-02-26T17:03:48.931Z,37.7161,141.9713,52.5,4.6,mwr,4.6,98,3.148,1.15,us
2021-02-26T15:33:28.071Z,37.3334,141.2909,66.85,4.6,mb,5.41464,139,2.592,0.85,us
2021-02-26T14:54:17.772Z,33.3454,141.7357,14.56,4.4,mb,5.32064,143,1.627,0.45,us
2021-02-26T11:31:35.595Z,41.0534,142.0645,64.15,4.6,mb,5.41464,117,0.802,0.49,us
2021-02-26T10:18:29.863Z,37.5967,141.677,51.46,4.4,mb,5.32064,78,1.81,0.69,us
2021-02-26T04:04:24.748Z,37.5961,141.6489,56.65,4.6,mb,5.41464,139,2.945,0.88,us
2021-02-22T21:22:35.775Z,37.5869,141.6054,42.26,4.4,mb,5.32064,129,2.91,1.21,us
2021-02-22T01:55:57.145Z,43.144,145.7044,63.74,4.4,mb,5.32064,166,2.193,0.68,us
2021-02-21T00:57:36.850Z,34.0842,141.376,10,4.5,mb,5.3665,143,1.622,0.81,us
2021-02-20T01:17:05.150Z,38.3681,141.7812,66.26,4.3,mb,5.27706,217,2.48,0.47,us
2021-02-19T23:53:53.099Z,37.3713,141.4066,51.14,4.5,mb,5.3665,110,1.499,0.99,us
2021-02-19T19:01:06.453Z,37.6469,141.6624,52.89,4.5,mb,5.3665,135,2.973,0.92,us
2021-02-19T16:16:27.337Z,40.7273,142.7148,32.27,5,mww,5,117,1.255,0.88,us
2021-02-19T09:11:09.870Z,40.2022,141.275,10,4.8,mb,5.51776,144,0.608,0.49,us
2021-02-19T01:07:11.219Z,37.6557,141.7382,49.09,4.8,mb,5.51776,91,3.034,1.21,us
2021-02-18T12:43:00.508Z,37.5982,141.5928,62.83,4.3,mb,5.27706,136,2.904,0.88,us
2021-02-18T10:37:30.144Z,37.5557,141.784,50.43,4.3,mb,5.27706,159,3.033,0.96,us
2021-02-18T07:50:54.461Z,40.8178,142.0999,55.62,4.2,mb,5.23576,134,0.786,0.6,us
2021-02-18T07:01:08.769Z,42.0186,142.5205,69.05,4.1,mb,5.19674,123,0.474,0.37,us
2021-02-18T06:02:43.005Z,37.7686,141.6103,58.15,4.5,mb,5.3665,135,2.98,0.48,us
2021-02-17T18:58:30.336Z,35.1237,137.2372,43.82,4.2,mb,5.23576,90,0.282,0.66,us
2021-02-17T14:06:18.399Z,37.6339,141.6242,52.12,4.6,mb,5.41464,117,1.811,0.58,us
2021-02-16T22:07:22.425Z,38.3386,141.9324,41.44,4.6,mb,5.41464,130,2.537,0.94,us
2021-02-16T15:57:56.528Z,29.9725,131.1367,24.1,4.9,mb,5.57274,138,1.641,0.55,us
2021-02-16T13:59:32.696Z,37.9528,140.7831,55.38,4.3,mb,5.27706,181,2.49,1.08,us
2021-02-15T12:26:17.164Z,37.5475,141.3336,30.18,5.4,mww,5.4,40,1.602,0.59,us
2021-02-15T12:26:03.969Z,37.4864,141.5837,35.36,5.3,mwr,5.3,46,1.678,0.6,us
2021-02-15T11:59:52.996Z,37.676,141.5722,62.9,4.4,mb,5.32064,135,1.818,0.4,us
2021-02-15T11:27:18.743Z,37.7035,141.7326,43.48,4.2,mb,5.23576,140,1.919,0.5,us
2021-02-15T04:28:17.554Z,34.1472,135.1647,10,4.4,mb,5.32064,77,1.148,0.84,us
2021-02-14T10:41:00.412Z,37.639,141.6213,57,4.2,mb,5.23576,150,2.939,1.12,us
2021-02-14T09:26:59.263Z,37.5961,141.7507,54.56,4.6,mb,5.41464,143,3.021,0.7,us
2021-02-14T07:59:23.201Z,37.6254,141.6781,53.2,4.4,mb,5.32064,146,2.977,0.64,us
2021-02-14T07:31:49.636Z,37.4871,141.5323,43.66,5.1,mww,5.1,55,2.822,0.67,us
2021-02-14T05:53:54.095Z,37.6475,141.6251,62.44,4.3,mb,5.27706,79,2.945,0.59,us
2021-02-14T05:11:22.106Z,37.5705,141.9581,59.65,4.6,mb,5.41464,136,3.169,0.56,us
2021-02-13T18:25:27.375Z,39.0864,142.5717,40.34,5.2,mb,5.75136,49,2.058,1.13,us
2021-02-13T16:32:58.823Z,37.7217,141.7359,57.2,4.5,mb,5.3665,142,3.054,0.83,us
2021-02-13T16:14:43.246Z,37.7736,141.6683,68.91,4.3,mb,5.27706,142,3.024,0.79,us
2021-02-13T14:58:43.988Z,37.7298,141.6813,67.88,4.4,mb,5.32064,188,3.017,1.03,us
2021-02-13T14:51:41.261Z,37.6932,141.7615,45.1,5.4,mb,5.88184,46,3.063,1.13,us
2021-02-13T14:51:05.324Z,37.6301,141.5051,52.05,4.9,mb,5.57274,185,2.85,0.83,us
2021-02-13T14:36:42.429Z,37.5887,141.8453,51.31,4.7,mb,5.46506,137,3.09,1.12,us
2021-02-13T14:07:49.797Z,37.7265,141.7751,43.98,7.1,mww,7.1,11,3.085,0.94,us
2021-02-13T11:22:27.935Z,33.42,141.1003,48.19,4.4,mb,5.32064,84,1.119,0.86,us
2021-02-13T01:25:17.977Z,30.2551,131.0477,39.01,4.3,mb,5.27706,173,1.35,0.66,us
2021-02-12T04:52:25.972Z,30.0411,131.1297,37.21,4.9,mb,5.57274,134,1.575,0.83,us
2021-02-12T02:15:11.274Z,32.685,138.2823,325.88,4.2,mb,5.23576,113,1.334,0.58,us
2021-02-11T16:45:25.617Z,31.3264,138.1265,410.87,4.1,mb,5.19674,88,2.273,0.77,us
2021-02-11T03:39:52.546Z,42.7583,143.1313,118.96,4.3,mb,5.27706,124,0.743,0.52,us
2021-02-10T15:24:09.187Z,31.3114,140.0506,115.39,4.5,mb,5.3665,103,1.809,0.84,us
2021-02-09T12:58:59.682Z,30.0271,131.0762,36.5,4.4,mb,5.32064,135,1.571,0.57,us
2021-02-09T07:07:57.310Z,31.3061,140.7048,64.51,5.3,mww,5.3,28,1.955,0.75,us
2021-02-09T04:48:20.571Z,41.3257,143.544,35,4.8,mb,5.51776,136,0.747,0.59,us
2021-02-09T03:41:51.896Z,30.125,130.9762,35,4.4,mb,5.32064,133,1.451,0.9,us
2021-02-09T03:39:28.724Z,30.052,131.0214,35,5,mb,5.63,91,1.532,0.53,us
2021-02-08T14:39:56.506Z,42.2335,144.9664,35,4.1,mb,5.19674,185,1.363,0.7,us
2021-02-08T14:23:59.729Z,42.3125,145.0164,27.95,5,mww,5,80,1.413,0.87,us
2021-02-06T05:10:28.410Z,35.7378,140.1051,63.84,4.3,mwr,4.3,123,1.737,0.7,us
2021-02-04T05:10:11.854Z,30.0869,138.865,422.97,4.2,mb,5.23576,90,3.122,0.67,us
2021-02-04T03:40:12.820Z,36.6998,140.9122,57.81,4.2,mb,5.23576,135,2.18,0.93,us
2021-02-03T06:47:03.579Z,38.6524,141.934,50.08,4.1,mb,5.19674,140,2.237,0.81,us
2021-02-01T08:34:45.955Z,37.3523,141.8861,34.92,4.6,mb,5.41464,115,1.762,0.81,us
2021-01-29T07:19:03.235Z,34.3172,135.8615,383.08,4.1,mb,5.19674,65,1.408,0.79,us
2021-01-28T19:24:26.918Z,40.0825,141.6975,69.17,4.6,mb,5.41464,132,0.855,0.94,us
2021-01-28T18:24:08.703Z,36.8924,141.5903,39.39,4.3,mb,5.27706,156,2.739,0.99,us
2021-01-27T14:27:38.973Z,42.7883,146.291,42.38,4.6,mb,5.41464,48,2.446,0.62,us
2021-01-27T09:25:58.081Z,37.2237,141.1041,69.5,4.5,mb,5.3665,155,2.418,0.49,us
2021-01-27T05:06:53.279Z,42.7117,141.9609,115.63,5.2,mww,5.2,34,1.127,0.95,us
2021-01-26T14:28:41.282Z,34.2981,142.1337,10,4.3,mb,5.27706,136,2.265,0.83,us
2021-01-25T23:25:21.091Z,36.4439,140.6498,69.24,4.6,mb,5.41464,132,1.969,0.47,us
2021-01-25T14:09:07.775Z,40.2859,142.1924,57.99,4.3,mb,5.27706,135,0.995,0.6,us
2021-01-24T18:24:03.732Z,42.0854,144.9208,10,4.9,mww,4.9,135,1.315,0.87,us
2021-01-23T20:52:52.151Z,30.0573,131.0625,42.2,4.3,mb,5.27706,176,1.539,0.59,us
2021-01-23T13:12:10.280Z,37.1622,141.5358,44.15,4.7,mb,5.46506,128,2.739,0.53,us
2021-01-23T11:56:00.239Z,30.0949,138.8221,419.23,4.4,mb,5.32064,134,3.127,0.58,us
2021-01-23T11:19:03.219Z,38.8916,142.3303,53.6,4.4,mb,5.32064,177,2.131,0.36,us
2021-01-23T09:20:29.624Z,33.3911,141.0188,35,4.3,mb,5.27706,85,1.046,0.5,us
2021-01-23T05:39:18.366Z,42.322,142.6196,108.19,5,mb,5.63,73,0.503,0.56,us
2021-01-22T16:03:58.957Z,37.34,141.4716,36.16,4.6,mb,5.41464,154,1.511,0.98,us
2021-01-21T22:04:24.006Z,35.6157,140.1848,63.91,4.4,mb,5.32064,101,1.848,0.73,us
2021-01-21T03:04:04.243Z,30.2979,140.1535,105.77,4.5,mb,5.3665,108,2.823,0.71,us
2021-01-19T23:11:37.020Z,30.56,141.97,10,4.4,mb,5.32064,145,3.139,0.66,us
2021-01-18T20:47:32.720Z,39.0024,141.9751,59.32,4.4,mb,5.32064,116,1.917,0.8,us
2021-01-18T20:14:51.977Z,30.5608,141.7793,8.21,4.4,mb,5.32064,122,3.064,1,us
2021-01-18T17:12:14.951Z,36.6565,141.8259,35.67,4.6,mb,5.41464,130,2.912,0.85,us
2021-01-18T00:29:29.972Z,32.5733,138.2714,325.99,4.2,mb,5.23576,123,2.955,0.43,us
2021-01-17T01:11:55.998Z,36.7159,142.2335,31.81,4.4,mb,5.32064,135,3.241,0.76,us
2021-01-16T09:43:14.629Z,37.5695,139.6771,136.69,4.3,mb,5.27706,115,1.559,0.72,us
2021-01-16T08:08:36.282Z,39.5738,142.8803,52.62,4.6,mb,5.41464,151,1.846,0.39,us
2021-01-15T20:10:12.132Z,42.1878,144.2355,22.64,4.3,mb,5.27706,101,0.82,0.83,us
2021-01-15T13:38:19.475Z,33.867,137.213,359.74,5.2,mww,5.2,55,1.139,0.55,us
2021-01-15T08:40:06.403Z,42.4632,143.2444,62.59,4.8,mb,5.51776,133,0.452,0.65,us
2021-01-14T19:34:56.515Z,38.9732,144.4559,10,4.2,mb,5.23576,209,3.177,0.81,us
2021-01-14T11:17:04.279Z,33.1696,138.4598,283.7,4.1,mb,5.19674,59,1.111,0.86,us
2021-01-14T06:27:56.635Z,35.5941,141.7713,10,4.4,mb,5.32064,168,2.955,0.56,us
2021-01-12T08:42:47.715Z,43.6204,140.0388,219.16,4.1,mb,5.19674,50,1.913,0.48,us
2021-01-12T03:56:03.027Z,33.309,138.2825,300.43,4.2,mb,5.23576,52,1.272,0.55,us
2021-01-12T02:39:43.421Z,43.7004,139.9863,214,5.9,mww,5.9,22,1.929,0.72,us
2021-01-10T06:38:19.291Z,37.767,141.6933,43.85,4.5,mb,5.3665,137,3.04,0.71,us
2021-01-09T05:36:33.842Z,37.8559,142.6165,34.87,4.6,mb,5.41464,134,3.167,0.54,us
2021-01-08T19:49:35.314Z,37.6083,144.9439,10,4.3,mb,5.27706,119,4.378,0.71,us
2021-01-08T15:04:44.285Z,41.5746,141.3005,94.92,4.4,mb,5.32064,115,0.804,1.16,us
2021-01-08T07:42:16.191Z,30.8369,141.8286,10,4.1,mb,5.19674,144,2.844,0.95,us
2021-01-08T06:04:15.262Z,34.3996,136.3146,365.25,3.9,mb,5.12554,69,1.115,0.53,us
2021-01-06T19:13:29.760Z,39.8411,143.3322,26.75,4.9,mb,5.57274,135,1.975,0.75,us
2021-01-06T03:23:07.839Z,32.6042,141.6235,10,4.8,mb,5.51776,72,1.631,0.78,us
2021-01-05T21:02:41.764Z,33.0845,140.15,92.21,4.1,mb,5.19674,137,0.309,0.69,us
2021-01-05T02:16:14.914Z,32.4746,141.7225,10,4.5,mb,5.3665,102,4.784,1.16,us
2021-01-03T14:14:54.692Z,43.6306,138.7964,250.43,4.1,mb,5.19674,37,2.788,0.47,us
2021-01-02T13:36:03.744Z,38.7475,142.3096,53.82,4,mb,5.16,142,2.253,0.89,us
2021-01-02T00:45:00.272Z,33.4333,141.4589,10,4.6,mb,5.41464,118,1.414,1.04,us
2021-01-01T01:50:51.107Z,30.611,142.0702,10,4.4,mb,5.32064,128,3.149,0.7,us
